,Phenotype
Cell1,1
Cell2,1
Cell3,1
Cell4,1
Cell5,1
Cell6,1
Cell7,1
Cell8,1
Cell9,1
Cell10,1
Cell11,1
Cell12,1
Cell13,1
Cell14,1
Cell15,1
Cell16,1
Cell17,1
Cell18,1
Cell19,1
Cell20,1
Cell21,1
Cell22,1
Cell23,1
Cell24,1
Cell25,1
Cell26,1
Cell27,1
Cell28,1
Cell29,1
Cell30,1
Cell31,1
Cell32,1
Cell33,1
Cell34,1
Cell35,1
Cell36,1
Cell37,1
Cell38,1
Cell39,1
Cell40,1
Cell41,1
Cell42,1
Cell43,1
Cell44,1
Cell45,1
Cell46,1
Cell47,1
Cell48,1
Cell49,1
Cell50,1
Cell51,1
Cell52,1
Cell53,1
Cell54,1
Cell55,1
Cell56,1
Cell57,1
Cell58,1
Cell59,1
Cell60,1
Cell61,1
Cell62,1
Cell63,1
Cell64,1
Cell65,1
Cell66,1
Cell67,1
Cell68,1
Cell69,1
Cell70,1
Cell71,1
Cell72,1
Cell73,1
Cell74,1
Cell75,1
Cell76,1
Cell77,1
Cell78,1
Cell79,1
Cell80,1
Cell81,1
Cell82,1
Cell83,1
Cell84,1
Cell85,1
Cell86,1
Cell87,1
Cell88,1
Cell89,1
Cell90,1
Cell91,1
Cell92,1
Cell93,1
Cell94,1
Cell95,1
Cell96,1
Cell97,1
Cell98,1
Cell99,1
Cell100,1
Cell101,1
Cell102,1
Cell103,1
Cell104,1
Cell105,1
Cell106,1
Cell107,1
Cell108,1
Cell109,1
Cell110,1
Cell111,1
Cell112,1
Cell113,1
Cell114,1
Cell115,1
Cell116,1
Cell117,1
Cell118,1
Cell119,1
Cell120,1
Cell121,1
Cell122,1
Cell123,1
Cell124,1
Cell125,1
Cell126,1
Cell127,1
Cell128,1
Cell129,1
Cell130,1
Cell131,1
Cell132,1
Cell133,1
Cell134,1
Cell135,1
Cell136,1
Cell137,1
Cell138,1
Cell139,1
Cell140,1
Cell141,1
Cell142,1
Cell143,1
Cell144,1
Cell145,1
Cell146,1
Cell147,1
Cell148,1
Cell149,1
Cell150,1
Cell151,1
Cell152,1
Cell153,1
Cell154,1
Cell155,1
Cell156,1
Cell157,1
Cell158,1
Cell159,1
Cell160,1
Cell161,1
Cell162,1
Cell163,1
Cell164,1
Cell165,1
Cell166,1
Cell167,1
Cell168,1
Cell169,1
Cell170,1
Cell171,1
Cell172,1
Cell173,1
Cell174,1
Cell175,1
Cell176,1
Cell177,1
Cell178,1
Cell179,1
Cell180,1
Cell181,1
Cell182,1
Cell183,1
Cell184,1
Cell185,1
Cell186,1
Cell187,1
Cell188,1
Cell189,1
Cell190,1
Cell191,1
Cell192,1
Cell193,1
Cell194,1
Cell195,1
Cell196,1
Cell197,1
Cell198,1
Cell199,1
Cell200,1
Cell201,1
Cell202,1
Cell203,1
Cell204,1
Cell205,1
Cell206,1
Cell207,1
Cell208,1
Cell209,1
Cell210,1
Cell211,1
Cell212,1
Cell213,1
Cell214,1
Cell215,1
Cell216,1
Cell217,1
Cell218,1
Cell219,1
Cell220,1
Cell221,1
Cell222,1
Cell223,1
Cell224,1
Cell225,1
Cell226,1
Cell227,1
Cell228,1
Cell229,1
Cell230,1
Cell231,1
Cell232,1
Cell233,1
Cell234,1
Cell235,1
Cell236,1
Cell237,1
Cell238,1
Cell239,1
Cell240,1
Cell241,1
Cell242,1
Cell243,1
Cell244,1
Cell245,1
Cell246,1
Cell247,1
Cell248,1
Cell249,1
Cell250,1
Cell251,1
Cell252,1
Cell253,1
Cell254,1
Cell255,1
Cell256,1
Cell257,1
Cell258,1
Cell259,1
Cell260,1
Cell261,1
Cell262,1
Cell263,1
Cell264,1
Cell265,1
Cell266,1
Cell267,1
Cell268,1
Cell269,1
Cell270,1
Cell271,1
Cell272,1
Cell273,1
Cell274,1
Cell275,1
Cell276,1
Cell277,1
Cell278,1
Cell279,1
Cell280,1
Cell281,1
Cell282,1
Cell283,1
Cell284,1
Cell285,1
Cell286,1
Cell287,1
Cell288,1
Cell289,1
Cell290,1
Cell291,1
Cell292,1
Cell293,1
Cell294,1
Cell295,1
Cell296,1
Cell297,1
Cell298,1
Cell299,1
Cell300,1
Cell301,1
Cell302,1
Cell303,1
Cell304,1
Cell305,1
Cell306,1
Cell307,1
Cell308,1
Cell309,1
Cell310,1
Cell311,1
Cell312,1
Cell313,1
Cell314,1
Cell315,1
Cell316,1
Cell317,1
Cell318,1
Cell319,1
Cell320,1
Cell321,1
Cell322,1
Cell323,1
Cell324,1
Cell325,1
Cell326,1
Cell327,1
Cell328,1
Cell329,1
Cell330,1
Cell331,1
Cell332,1
Cell333,1
Cell334,1
Cell335,1
Cell336,1
Cell337,1
Cell338,1
Cell339,1
Cell340,1
Cell341,1
Cell342,1
Cell343,1
Cell344,1
Cell345,1
Cell346,1
Cell347,1
Cell348,1
Cell349,1
Cell350,1
Cell351,1
Cell352,1
Cell353,1
Cell354,1
Cell355,1
Cell356,1
Cell357,1
Cell358,1
Cell359,1
Cell360,1
Cell361,1
Cell362,1
Cell363,1
Cell364,1
Cell365,1
Cell366,1
Cell367,1
Cell368,1
Cell369,1
Cell370,1
Cell371,1
Cell372,1
Cell373,1
Cell374,1
Cell375,1
Cell376,1
Cell377,1
Cell378,1
Cell379,1
Cell380,1
Cell381,1
Cell382,1
Cell383,1
Cell384,1
Cell385,1
Cell386,1
Cell387,1
Cell388,1
Cell389,1
Cell390,1
Cell391,1
Cell392,1
Cell393,1
Cell394,1
Cell395,1
Cell396,1
Cell397,1
Cell398,1
Cell399,1
Cell400,1
Cell401,1
Cell402,1
Cell403,1
Cell404,1
Cell405,1
Cell406,1
Cell407,1
Cell408,1
Cell409,1
Cell410,1
Cell411,1
Cell412,1
Cell413,1
Cell414,1
Cell415,1
Cell416,1
Cell417,1
Cell418,1
Cell419,1
Cell420,1
Cell421,1
Cell422,1
Cell423,1
Cell424,1
Cell425,1
Cell426,1
Cell427,1
Cell428,1
Cell429,1
Cell430,1
Cell431,1
Cell432,1
Cell433,1
Cell434,1
Cell435,1
Cell436,1
Cell437,1
Cell438,1
Cell439,1
Cell440,1
Cell441,1
Cell442,1
Cell443,1
Cell444,1
Cell445,1
Cell446,1
Cell447,1
Cell448,1
Cell449,1
Cell450,1
Cell451,1
Cell452,1
Cell453,1
Cell454,1
Cell455,1
Cell456,1
Cell457,1
Cell458,1
Cell459,1
Cell460,1
Cell461,1
Cell462,1
Cell463,1
Cell464,1
Cell465,1
Cell466,1
Cell467,1
Cell468,1
Cell469,1
Cell470,1
Cell471,1
Cell472,1
Cell473,1
Cell474,1
Cell475,1
Cell476,1
Cell477,1
Cell478,1
Cell479,1
Cell480,1
Cell481,1
Cell482,1
Cell483,1
Cell484,1
Cell485,1
Cell486,1
Cell487,1
Cell488,1
Cell489,1
Cell490,1
Cell491,1
Cell492,1
Cell493,1
Cell494,1
Cell495,1
Cell496,1
Cell497,1
Cell498,1
Cell499,1
Cell500,1
Cell501,1
Cell502,1
Cell503,1
Cell504,1
Cell505,1
Cell506,1
Cell507,1
Cell508,1
Cell509,1
Cell510,1
Cell511,1
Cell512,1
Cell513,1
Cell514,1
Cell515,1
Cell516,1
Cell517,1
Cell518,1
Cell519,1
Cell520,1
Cell521,1
Cell522,1
Cell523,1
Cell524,1
Cell525,1
Cell526,1
Cell527,1
Cell528,1
Cell529,1
Cell530,1
Cell531,1
Cell532,1
Cell533,1
Cell534,1
Cell535,1
Cell536,1
Cell537,1
Cell538,1
Cell539,1
Cell540,1
Cell541,1
Cell542,1
Cell543,1
Cell544,1
Cell545,1
Cell546,1
Cell547,1
Cell548,1
Cell549,1
Cell550,1
Cell551,1
Cell552,1
Cell553,1
Cell554,1
Cell555,1
Cell556,1
Cell557,1
Cell558,1
Cell559,1
Cell560,1
Cell561,1
Cell562,1
Cell563,1
Cell564,1
Cell565,1
Cell566,1
Cell567,1
Cell568,1
Cell569,1
Cell570,1
Cell571,1
Cell572,1
Cell573,1
Cell574,1
Cell575,1
Cell576,1
Cell577,1
Cell578,1
Cell579,1
Cell580,1
Cell581,1
Cell582,1
Cell583,1
Cell584,1
Cell585,1
Cell586,1
Cell587,1
Cell588,1
Cell589,1
Cell590,1
Cell591,1
Cell592,1
Cell593,1
Cell594,1
Cell595,1
Cell596,1
Cell597,1
Cell598,1
Cell599,1
Cell600,1
Cell601,1
Cell602,1
Cell603,1
Cell604,1
Cell605,1
Cell606,1
Cell607,1
Cell608,1
Cell609,1
Cell610,1
Cell611,1
Cell612,1
Cell613,1
Cell614,1
Cell615,1
Cell616,1
Cell617,1
Cell618,1
Cell619,1
Cell620,1
Cell621,1
Cell622,1
Cell623,1
Cell624,1
Cell625,1
Cell626,1
Cell627,1
Cell628,1
Cell629,1
Cell630,1
Cell631,1
Cell632,1
Cell633,1
Cell634,1
Cell635,1
Cell636,1
Cell637,1
Cell638,1
Cell639,1
Cell640,1
Cell641,1
Cell642,1
Cell643,1
Cell644,1
Cell645,1
Cell646,1
Cell647,1
Cell648,1
Cell649,1
Cell650,1
Cell651,1
Cell652,1
Cell653,1
Cell654,1
Cell655,1
Cell656,1
Cell657,1
Cell658,1
Cell659,1
Cell660,1
Cell661,1
Cell662,1
Cell663,1
Cell664,1
Cell665,1
Cell666,1
Cell667,1
Cell668,1
Cell669,1
Cell670,1
Cell671,1
Cell672,1
Cell673,1
Cell674,1
Cell675,1
Cell676,1
Cell677,1
Cell678,1
Cell679,1
Cell680,1
Cell681,1
Cell682,1
Cell683,1
Cell684,1
Cell685,1
Cell686,1
Cell687,1
Cell688,1
Cell689,1
Cell690,1
Cell691,1
Cell692,1
Cell693,1
Cell694,1
Cell695,1
Cell696,1
Cell697,1
Cell698,1
Cell699,1
Cell700,1
Cell701,1
Cell702,1
Cell703,1
Cell704,1
Cell705,1
Cell706,1
Cell707,1
Cell708,1
Cell709,1
Cell710,1
Cell711,1
Cell712,1
Cell713,1
Cell714,1
Cell715,1
Cell716,1
Cell717,1
Cell718,1
Cell719,1
Cell720,1
Cell721,1
Cell722,1
Cell723,1
Cell724,1
Cell725,1
Cell726,1
Cell727,1
Cell728,1
Cell729,1
Cell730,1
Cell731,2
Cell732,2
Cell733,2
Cell734,2
Cell735,2
Cell736,2
Cell737,2
Cell738,2
Cell739,2
Cell740,2
Cell741,2
Cell742,2
Cell743,2
Cell744,2
Cell745,2
Cell746,2
Cell747,2
Cell748,2
Cell749,2
Cell750,2
Cell751,2
Cell752,2
Cell753,2
Cell754,2
Cell755,2
Cell756,2
Cell757,2
Cell758,2
Cell759,2
Cell760,2
Cell761,2
Cell762,2
Cell763,2
Cell764,2
Cell765,2
Cell766,2
Cell767,2
Cell768,2
Cell769,2
Cell770,2
Cell771,2
Cell772,2
Cell773,2
Cell774,2
Cell775,2
Cell776,2
Cell777,2
Cell778,2
Cell779,2
Cell780,2
Cell781,2
Cell782,2
Cell783,2
Cell784,2
Cell785,2
Cell786,2
Cell787,2
Cell788,2
Cell789,2
Cell790,2
Cell791,2
Cell792,2
Cell793,2
Cell794,2
Cell795,2
Cell796,2
Cell797,2
Cell798,2
Cell799,2
Cell800,2
Cell801,2
Cell802,2
Cell803,2
Cell804,2
Cell805,2
Cell806,2
Cell807,2
Cell808,2
Cell809,2
Cell810,2
Cell811,2
Cell812,2
Cell813,2
Cell814,2
Cell815,2
Cell816,2
Cell817,2
Cell818,2
Cell819,2
Cell820,2
Cell821,2
Cell822,2
Cell823,2
Cell824,2
Cell825,2
Cell826,2
Cell827,2
Cell828,2
Cell829,2
Cell830,2
Cell831,2
Cell832,2
Cell833,2
Cell834,2
Cell835,2
Cell836,2
Cell837,2
Cell838,2
Cell839,2
Cell840,2
Cell841,2
Cell842,2
Cell843,2
Cell844,2
Cell845,2
Cell846,2
Cell847,2
Cell848,2
Cell849,2
Cell850,2
Cell851,2
Cell852,2
Cell853,2
Cell854,2
Cell855,2
Cell856,2
Cell857,2
Cell858,2
Cell859,2
Cell860,2
Cell861,2
Cell862,2
Cell863,2
Cell864,2
Cell865,2
Cell866,2
Cell867,2
Cell868,2
Cell869,2
Cell870,2
Cell871,2
Cell872,2
Cell873,2
Cell874,2
Cell875,2
Cell876,2
Cell877,2
Cell878,2
Cell879,2
Cell880,2
Cell881,2
Cell882,2
Cell883,2
Cell884,2
Cell885,2
Cell886,2
Cell887,2
Cell888,2
Cell889,2
Cell890,2
Cell891,2
Cell892,2
Cell893,2
Cell894,2
Cell895,2
Cell896,2
Cell897,2
Cell898,2
Cell899,2
Cell900,2
Cell901,2
Cell902,2
Cell903,2
Cell904,2
Cell905,2
Cell906,2
Cell907,2
Cell908,2
Cell909,2
Cell910,2
Cell911,2
Cell912,2
Cell913,2
Cell914,2
Cell915,2
Cell916,2
Cell917,2
Cell918,2
Cell919,2
Cell920,2
Cell921,2
Cell922,2
Cell923,2
Cell924,2
Cell925,2
Cell926,2
Cell927,2
Cell928,2
Cell929,2
Cell930,2
Cell931,2
Cell932,2
Cell933,2
Cell934,2
Cell935,2
Cell936,2
Cell937,2
Cell938,2
Cell939,2
Cell940,2
Cell941,2
Cell942,2
Cell943,2
Cell944,2
Cell945,2
Cell946,2
Cell947,2
Cell948,2
Cell949,2
Cell950,2
Cell951,2
Cell952,2
Cell953,2
Cell954,2
Cell955,2
Cell956,2
Cell957,2
Cell958,2
Cell959,2
Cell960,2
Cell961,2
Cell962,2
Cell963,2
Cell964,2
Cell965,2
Cell966,2
Cell967,2
Cell968,2
Cell969,2
Cell970,2
Cell971,2
Cell972,2
Cell973,2
Cell974,2
Cell975,2
Cell976,2
Cell977,2
Cell978,2
Cell979,2
Cell980,2
Cell981,2
Cell982,2
Cell983,2
Cell984,2
Cell985,2
Cell986,2
Cell987,2
Cell988,2
Cell989,2
Cell990,2
Cell991,2
Cell992,2
Cell993,2
Cell994,2
Cell995,2
Cell996,2
Cell997,2
Cell998,2
Cell999,2
Cell1000,2
Cell1001,2
Cell1002,2
Cell1003,2
Cell1004,2
Cell1005,2
Cell1006,2
Cell1007,2
Cell1008,2
Cell1009,2
Cell1010,2
Cell1011,2
Cell1012,2
Cell1013,2
Cell1014,2
Cell1015,2
Cell1016,2
Cell1017,2
Cell1018,2
Cell1019,2
Cell1020,2
Cell1021,2
Cell1022,2
Cell1023,2
Cell1024,2
Cell1025,2
Cell1026,2
Cell1027,2
Cell1028,2
Cell1029,2
Cell1030,2
Cell1031,2
Cell1032,2
Cell1033,2
Cell1034,2
Cell1035,2
Cell1036,2
Cell1037,2
Cell1038,2
Cell1039,2
Cell1040,2
Cell1041,2
Cell1042,2
Cell1043,2
Cell1044,2
Cell1045,2
Cell1046,2
Cell1047,2
Cell1048,2
Cell1049,2
Cell1050,2
Cell1051,2
Cell1052,2
Cell1053,2
Cell1054,2
Cell1055,2
Cell1056,2
Cell1057,2
Cell1058,2
Cell1059,2
Cell1060,2
Cell1061,2
Cell1062,2
Cell1063,2
Cell1064,2
Cell1065,2
Cell1066,2
Cell1067,2
Cell1068,2
Cell1069,2
Cell1070,2
Cell1071,2
Cell1072,2
Cell1073,2
Cell1074,2
Cell1075,2
Cell1076,2
Cell1077,2
Cell1078,2
Cell1079,2
Cell1080,2
Cell1081,2
Cell1082,2
Cell1083,2
Cell1084,2
Cell1085,2
Cell1086,2
Cell1087,2
Cell1088,2
Cell1089,2
Cell1090,2
Cell1091,2
Cell1092,2
Cell1093,2
Cell1094,2
Cell1095,2
Cell1096,2
Cell1097,2
Cell1098,2
Cell1099,2
Cell1100,2
Cell1101,2
Cell1102,2
Cell1103,2
Cell1104,2
Cell1105,2
Cell1106,2
Cell1107,2
Cell1108,2
Cell1109,2
Cell1110,2
Cell1111,2
Cell1112,2
Cell1113,2
Cell1114,2
Cell1115,2
Cell1116,2
Cell1117,2
Cell1118,2
Cell1119,2
Cell1120,2
Cell1121,2
Cell1122,2
Cell1123,2
Cell1124,2
Cell1125,2
Cell1126,2
Cell1127,2
Cell1128,2
Cell1129,2
Cell1130,2
Cell1131,2
Cell1132,2
Cell1133,2
Cell1134,2
Cell1135,2
Cell1136,2
Cell1137,2
Cell1138,2
Cell1139,2
Cell1140,2
Cell1141,2
Cell1142,2
Cell1143,2
Cell1144,2
Cell1145,2
Cell1146,2
Cell1147,2
Cell1148,2
Cell1149,2
Cell1150,2
Cell1151,2
Cell1152,2
Cell1153,2
Cell1154,2
Cell1155,2
Cell1156,2
Cell1157,2
Cell1158,2
Cell1159,2
Cell1160,2
Cell1161,2
Cell1162,2
Cell1163,2
Cell1164,2
Cell1165,2
Cell1166,2
Cell1167,2
Cell1168,2
Cell1169,2
Cell1170,2
Cell1171,2
Cell1172,2
Cell1173,2
Cell1174,2
Cell1175,2
Cell1176,2
Cell1177,2
Cell1178,2
Cell1179,2
Cell1180,2
Cell1181,2
Cell1182,2
Cell1183,2
Cell1184,2
Cell1185,2
Cell1186,2
Cell1187,2
Cell1188,2
Cell1189,2
Cell1190,2
Cell1191,2
Cell1192,2
Cell1193,2
Cell1194,2
Cell1195,2
Cell1196,2
Cell1197,2
Cell1198,2
Cell1199,2
Cell1200,2
Cell1201,2
Cell1202,2
Cell1203,2
Cell1204,2
Cell1205,2
Cell1206,2
Cell1207,2
Cell1208,2
Cell1209,2
Cell1210,2
Cell1211,2
Cell1212,2
Cell1213,2
Cell1214,2
Cell1215,2
Cell1216,2
Cell1217,2
Cell1218,2
Cell1219,2
Cell1220,2
Cell1221,2
Cell1222,2
Cell1223,2
Cell1224,2
Cell1225,2
Cell1226,2
Cell1227,2
Cell1228,2
Cell1229,2
Cell1230,2
Cell1231,2
Cell1232,2
Cell1233,2
Cell1234,2
Cell1235,2
Cell1236,2
Cell1237,2
Cell1238,2
Cell1239,2
Cell1240,2
Cell1241,2
Cell1242,2
Cell1243,2
Cell1244,2
Cell1245,2
Cell1246,2
Cell1247,2
Cell1248,2
Cell1249,2
Cell1250,2
Cell1251,2
Cell1252,2
Cell1253,2
Cell1254,2
Cell1255,2
Cell1256,2
Cell1257,2
Cell1258,2
Cell1259,2
Cell1260,2
Cell1261,2
Cell1262,2
Cell1263,2
Cell1264,2
Cell1265,2
Cell1266,2
Cell1267,2
Cell1268,2
Cell1269,2
Cell1270,2
Cell1271,2
Cell1272,2
Cell1273,2
Cell1274,2
Cell1275,2
Cell1276,2
Cell1277,2
Cell1278,2
Cell1279,2
Cell1280,2
Cell1281,2
Cell1282,2
Cell1283,2
Cell1284,2
Cell1285,2
Cell1286,2
Cell1287,2
Cell1288,2
Cell1289,2
Cell1290,2
Cell1291,2
Cell1292,2
Cell1293,2
Cell1294,2
Cell1295,2
Cell1296,2
Cell1297,2
Cell1298,2
Cell1299,2
Cell1300,2
Cell1301,2
Cell1302,2
Cell1303,2
Cell1304,2
Cell1305,2
Cell1306,2
Cell1307,2
Cell1308,2
Cell1309,2
Cell1310,2
Cell1311,2
Cell1312,2
Cell1313,2
Cell1314,2
Cell1315,2
Cell1316,2
Cell1317,2
Cell1318,2
Cell1319,2
Cell1320,2
Cell1321,2
Cell1322,2
Cell1323,2
Cell1324,2
Cell1325,2
Cell1326,2
Cell1327,2
Cell1328,2
Cell1329,2
Cell1330,2
Cell1331,2
Cell1332,2
Cell1333,2
Cell1334,2
Cell1335,2
Cell1336,2
Cell1337,2
Cell1338,2
Cell1339,2
Cell1340,2
Cell1341,2
Cell1342,2
Cell1343,2
Cell1344,2
Cell1345,2
Cell1346,2
Cell1347,2
Cell1348,2
Cell1349,2
Cell1350,2
Cell1351,2
Cell1352,2
Cell1353,2
Cell1354,2
Cell1355,2
Cell1356,2
Cell1357,2
Cell1358,2
Cell1359,2
Cell1360,2
Cell1361,2
Cell1362,2
Cell1363,2
Cell1364,2
Cell1365,2
Cell1366,2
Cell1367,2
Cell1368,2
Cell1369,2
Cell1370,2
Cell1371,2
Cell1372,2
Cell1373,2
Cell1374,2
Cell1375,2
Cell1376,2
Cell1377,2
Cell1378,2
Cell1379,2
Cell1380,2
Cell1381,2
Cell1382,2
Cell1383,2
Cell1384,3
Cell1385,3
Cell1386,3
Cell1387,3
Cell1388,3
Cell1389,3
Cell1390,3
Cell1391,3
Cell1392,3
Cell1393,3
Cell1394,3
Cell1395,3
Cell1396,3
Cell1397,3
Cell1398,3
Cell1399,3
Cell1400,3
Cell1401,3
Cell1402,3
Cell1403,3
Cell1404,3
Cell1405,3
Cell1406,3
Cell1407,3
Cell1408,3
Cell1409,3
Cell1410,3
Cell1411,3
Cell1412,3
Cell1413,3
Cell1414,3
Cell1415,3
Cell1416,3
Cell1417,3
Cell1418,3
Cell1419,3
Cell1420,3
Cell1421,3
Cell1422,3
Cell1423,3
Cell1424,3
Cell1425,3
Cell1426,3
Cell1427,3
Cell1428,3
Cell1429,3
Cell1430,3
Cell1431,3
Cell1432,3
Cell1433,3
Cell1434,3
Cell1435,3
Cell1436,3
Cell1437,3
Cell1438,3
Cell1439,3
Cell1440,3
Cell1441,3
Cell1442,3
Cell1443,3
Cell1444,3
Cell1445,3
Cell1446,3
Cell1447,3
Cell1448,3
Cell1449,3
Cell1450,3
Cell1451,3
Cell1452,3
Cell1453,3
Cell1454,3
Cell1455,3
Cell1456,3
Cell1457,3
Cell1458,3
Cell1459,3
Cell1460,3
Cell1461,3
Cell1462,3
Cell1463,3
Cell1464,3
Cell1465,3
Cell1466,3
Cell1467,3
Cell1468,3
Cell1469,3
Cell1470,3
Cell1471,3
Cell1472,3
Cell1473,3
Cell1474,3
Cell1475,3
Cell1476,3
Cell1477,3
Cell1478,3
Cell1479,3
Cell1480,3
Cell1481,3
Cell1482,3
Cell1483,3
Cell1484,3
Cell1485,3
Cell1486,3
Cell1487,3
Cell1488,3
Cell1489,3
Cell1490,3
Cell1491,3
Cell1492,3
Cell1493,3
Cell1494,3
Cell1495,3
Cell1496,3
Cell1497,3
Cell1498,3
Cell1499,3
Cell1500,3
Cell1501,3
Cell1502,3
Cell1503,3
Cell1504,3
Cell1505,3
Cell1506,3
Cell1507,3
Cell1508,3
Cell1509,3
Cell1510,3
Cell1511,3
Cell1512,3
Cell1513,3
Cell1514,3
Cell1515,3
Cell1516,3
Cell1517,3
Cell1518,3
Cell1519,3
Cell1520,3
Cell1521,3
Cell1522,3
Cell1523,3
Cell1524,3
Cell1525,3
Cell1526,3
Cell1527,3
Cell1528,3
Cell1529,3
Cell1530,3
Cell1531,3
Cell1532,3
Cell1533,3
Cell1534,3
Cell1535,3
Cell1536,3
Cell1537,3
Cell1538,3
Cell1539,3
Cell1540,3
Cell1541,3
Cell1542,3
Cell1543,3
Cell1544,3
Cell1545,3
Cell1546,3
Cell1547,3
Cell1548,3
Cell1549,3
Cell1550,3
Cell1551,3
Cell1552,3
Cell1553,3
Cell1554,3
Cell1555,3
Cell1556,3
Cell1557,3
Cell1558,3
Cell1559,3
Cell1560,3
Cell1561,3
Cell1562,3
Cell1563,3
Cell1564,3
Cell1565,3
Cell1566,3
Cell1567,3
Cell1568,3
Cell1569,3
Cell1570,3
Cell1571,3
Cell1572,3
Cell1573,3
Cell1574,3
Cell1575,3
Cell1576,3
Cell1577,3
Cell1578,3
Cell1579,3
Cell1580,3
Cell1581,3
Cell1582,3
Cell1583,3
Cell1584,3
Cell1585,3
Cell1586,3
Cell1587,3
Cell1588,3
Cell1589,3
Cell1590,3
Cell1591,3
Cell1592,3
Cell1593,3
Cell1594,3
Cell1595,3
Cell1596,3
Cell1597,3
Cell1598,3
Cell1599,3
Cell1600,3
Cell1601,3
Cell1602,3
Cell1603,3
Cell1604,3
Cell1605,3
Cell1606,3
Cell1607,3
Cell1608,3
Cell1609,3
Cell1610,3
Cell1611,3
Cell1612,3
Cell1613,3
Cell1614,3
Cell1615,3
Cell1616,3
Cell1617,3
Cell1618,3
Cell1619,3
Cell1620,3
Cell1621,3
Cell1622,3
Cell1623,3
Cell1624,3
Cell1625,3
Cell1626,3
Cell1627,3
Cell1628,3
Cell1629,3
Cell1630,3
Cell1631,3
Cell1632,3
Cell1633,3
Cell1634,3
Cell1635,3
Cell1636,3
Cell1637,3
Cell1638,3
Cell1639,3
Cell1640,3
Cell1641,3
Cell1642,3
Cell1643,3
Cell1644,3
Cell1645,3
Cell1646,3
Cell1647,3
Cell1648,3
Cell1649,3
Cell1650,3
Cell1651,3
Cell1652,3
Cell1653,3
Cell1654,3
Cell1655,3
Cell1656,3
Cell1657,3
Cell1658,3
Cell1659,3
Cell1660,3
Cell1661,3
Cell1662,3
Cell1663,3
Cell1664,3
Cell1665,3
Cell1666,3
Cell1667,3
Cell1668,3
Cell1669,3
Cell1670,3
Cell1671,3
Cell1672,3
Cell1673,3
Cell1674,3
Cell1675,3
Cell1676,3
Cell1677,3
Cell1678,3
Cell1679,3
Cell1680,3
Cell1681,3
Cell1682,3
Cell1683,3
Cell1684,3
Cell1685,3
Cell1686,3
Cell1687,3
Cell1688,3
Cell1689,3
Cell1690,3
Cell1691,3
Cell1692,3
Cell1693,3
Cell1694,3
Cell1695,3
Cell1696,3
Cell1697,3
Cell1698,3
Cell1699,3
Cell1700,3
Cell1701,3
Cell1702,3
Cell1703,3
Cell1704,3
Cell1705,3
Cell1706,3
Cell1707,3
Cell1708,3
Cell1709,3
Cell1710,3
Cell1711,3
Cell1712,3
Cell1713,3
Cell1714,3
Cell1715,3
Cell1716,3
Cell1717,3
Cell1718,3
Cell1719,3
Cell1720,3
Cell1721,3
Cell1722,3
Cell1723,3
Cell1724,3
Cell1725,3
Cell1726,3
Cell1727,3
Cell1728,3
Cell1729,3
Cell1730,3
Cell1731,3
Cell1732,3
Cell1733,3
Cell1734,3
Cell1735,3
Cell1736,3
Cell1737,3
Cell1738,3
Cell1739,3
Cell1740,3
Cell1741,3
Cell1742,3
Cell1743,3
Cell1744,3
Cell1745,3
Cell1746,3
Cell1747,3
Cell1748,3
Cell1749,3
Cell1750,3
Cell1751,3
Cell1752,3
Cell1753,3
Cell1754,3
Cell1755,3
Cell1756,3
Cell1757,3
Cell1758,3
Cell1759,3
Cell1760,3
Cell1761,3
Cell1762,3
Cell1763,3
Cell1764,3
Cell1765,3
Cell1766,3
Cell1767,3
Cell1768,3
Cell1769,3
Cell1770,3
Cell1771,3
Cell1772,3
Cell1773,3
Cell1774,3
Cell1775,3
Cell1776,3
Cell1777,3
Cell1778,3
Cell1779,3
Cell1780,3
Cell1781,3
Cell1782,3
Cell1783,3
Cell1784,3
Cell1785,3
Cell1786,3
Cell1787,3
Cell1788,3
Cell1789,3
Cell1790,3
Cell1791,3
Cell1792,3
Cell1793,3
Cell1794,3
Cell1795,3
Cell1796,3
Cell1797,3
Cell1798,3
Cell1799,3
Cell1800,3
Cell1801,3
Cell1802,3
Cell1803,3
Cell1804,3
Cell1805,3
Cell1806,3
Cell1807,3
Cell1808,3
Cell1809,3
Cell1810,3
Cell1811,3
Cell1812,3
Cell1813,3
Cell1814,3
Cell1815,3
Cell1816,3
Cell1817,3
Cell1818,3
Cell1819,3
Cell1820,3
Cell1821,3
Cell1822,3
Cell1823,3
Cell1824,3
Cell1825,3
Cell1826,3
Cell1827,3
Cell1828,3
Cell1829,3
Cell1830,3
Cell1831,3
Cell1832,3
Cell1833,3
Cell1834,3
Cell1835,3
Cell1836,3
Cell1837,3
Cell1838,3
Cell1839,3
Cell1840,3
Cell1841,3
Cell1842,3
Cell1843,3
Cell1844,3
Cell1845,3
Cell1846,3
Cell1847,3
Cell1848,3
Cell1849,3
Cell1850,3
Cell1851,3
Cell1852,3
Cell1853,3
Cell1854,3
Cell1855,3
Cell1856,3
Cell1857,3
Cell1858,3
Cell1859,3
Cell1860,3
Cell1861,3
Cell1862,3
Cell1863,3
Cell1864,3
Cell1865,3
Cell1866,3
Cell1867,3
Cell1868,3
Cell1869,3
Cell1870,3
Cell1871,3
Cell1872,3
Cell1873,3
Cell1874,3
Cell1875,3
Cell1876,3
Cell1877,3
Cell1878,3
Cell1879,3
Cell1880,3
Cell1881,3
Cell1882,3
Cell1883,3
Cell1884,3
Cell1885,3
Cell1886,3
Cell1887,3
Cell1888,3
Cell1889,3
Cell1890,3
Cell1891,3
Cell1892,5
Cell1893,5
Cell1894,5
Cell1895,5
Cell1896,5
Cell1897,5
Cell1898,5
Cell1899,5
Cell1900,5
Cell1901,5
Cell1902,5
Cell1903,5
Cell1904,5
Cell1905,5
Cell1906,5
Cell1907,5
Cell1908,5
Cell1909,5
Cell1910,5
Cell1911,5
Cell1912,5
Cell1913,5
Cell1914,5
Cell1915,5
Cell1916,5
Cell1917,5
Cell1918,5
Cell1919,5
Cell1920,5
Cell1921,5
Cell1922,5
Cell1923,5
Cell1924,5
Cell1925,5
Cell1926,5
Cell1927,5
Cell1928,5
Cell1929,5
Cell1930,5
Cell1931,5
Cell1932,5
Cell1933,5
Cell1934,5
Cell1935,5
Cell1936,5
Cell1937,5
Cell1938,5
Cell1939,5
Cell1940,5
Cell1941,5
Cell1942,5
Cell1943,5
Cell1944,5
Cell1945,5
Cell1946,5
Cell1947,5
Cell1948,5
Cell1949,5
Cell1950,5
Cell1951,5
Cell1952,5
Cell1953,5
Cell1954,5
Cell1955,5
Cell1956,5
Cell1957,5
Cell1958,5
Cell1959,5
Cell1960,5
Cell1961,5
Cell1962,5
Cell1963,5
Cell1964,5
Cell1965,5
Cell1966,5
Cell1967,5
Cell1968,5
Cell1969,5
Cell1970,5
Cell1971,5
Cell1972,5
Cell1973,5
Cell1974,5
Cell1975,5
Cell1976,5
Cell1977,5
Cell1978,5
Cell1979,5
Cell1980,5
Cell1981,5
Cell1982,5
Cell1983,5
Cell1984,5
Cell1985,5
Cell1986,5
Cell1987,5
Cell1988,5
Cell1989,5
Cell1990,5
Cell1991,5
Cell1992,5
Cell1993,5
Cell1994,5
Cell1995,5
Cell1996,5
Cell1997,5
Cell1998,5
Cell1999,5
Cell2000,5
Cell2001,5
Cell2002,5
Cell2003,5
Cell2004,5
Cell2005,5
Cell2006,5
Cell2007,5
Cell2008,5
Cell2009,5
Cell2010,5
Cell2011,5
Cell2012,5
Cell2013,5
Cell2014,5
Cell2015,5
Cell2016,5
Cell2017,5
Cell2018,5
Cell2019,5
Cell2020,5
Cell2021,5
Cell2022,5
Cell2023,5
Cell2024,5
Cell2025,5
Cell2026,5
Cell2027,5
Cell2028,5
Cell2029,5
Cell2030,5
Cell2031,5
Cell2032,5
Cell2033,5
Cell2034,5
Cell2035,5
Cell2036,5
Cell2037,5
Cell2038,5
Cell2039,5
Cell2040,5
Cell2041,5
Cell2042,5
Cell2043,5
Cell2044,5
Cell2045,5
Cell2046,5
Cell2047,5
Cell2048,5
Cell2049,5
Cell2050,5
Cell2051,5
Cell2052,5
Cell2053,5
Cell2054,5
Cell2055,5
Cell2056,5
Cell2057,5
Cell2058,5
Cell2059,5
Cell2060,5
Cell2061,5
Cell2062,5
Cell2063,5
Cell2064,5
Cell2065,5
Cell2066,5
Cell2067,5
Cell2068,5
Cell2069,5
Cell2070,5
Cell2071,5
Cell2072,5
Cell2073,5
Cell2074,5
Cell2075,5
Cell2076,5
Cell2077,5
Cell2078,5
Cell2079,5
Cell2080,5
Cell2081,5
Cell2082,5
Cell2083,5
Cell2084,5
Cell2085,5
Cell2086,5
Cell2087,5
Cell2088,5
Cell2089,5
Cell2090,5
Cell2091,5
Cell2092,5
Cell2093,5
Cell2094,5
Cell2095,5
Cell2096,5
Cell2097,5
Cell2098,5
Cell2099,5
Cell2100,5
Cell2101,5
Cell2102,5
Cell2103,5
Cell2104,5
Cell2105,5
Cell2106,5
Cell2107,5
Cell2108,5
Cell2109,5
Cell2110,5
Cell2111,5
Cell2112,5
Cell2113,5
Cell2114,5
Cell2115,5
Cell2116,5
Cell2117,5
Cell2118,5
Cell2119,5
Cell2120,5
Cell2121,5
Cell2122,5
Cell2123,5
Cell2124,5
Cell2125,5
Cell2126,5
Cell2127,5
Cell2128,5
Cell2129,5
Cell2130,5
Cell2131,5
Cell2132,5
Cell2133,5
Cell2134,5
Cell2135,5
Cell2136,5
Cell2137,5
Cell2138,5
Cell2139,5
Cell2140,5
Cell2141,5
Cell2142,5
Cell2143,5
Cell2144,5
Cell2145,5
Cell2146,5
Cell2147,5
Cell2148,5
Cell2149,5
Cell2150,5
Cell2151,5
Cell2152,5
Cell2153,5
Cell2154,5
Cell2155,5
Cell2156,5
Cell2157,5
Cell2158,5
Cell2159,5
Cell2160,5
Cell2161,5
Cell2162,5
Cell2163,5
Cell2164,5
Cell2165,5
Cell2166,5
Cell2167,5
Cell2168,5
Cell2169,5
Cell2170,5
Cell2171,5
Cell2172,5
Cell2173,5
Cell2174,5
Cell2175,5
Cell2176,5
Cell2177,5
Cell2178,5
Cell2179,5
Cell2180,5
Cell2181,5
Cell2182,5
Cell2183,5
Cell2184,5
Cell2185,5
Cell2186,5
Cell2187,5
Cell2188,5
Cell2189,5
Cell2190,5
Cell2191,5
Cell2192,5
Cell2193,5
Cell2194,5
Cell2195,5
Cell2196,5
Cell2197,5
Cell2198,5
Cell2199,5
Cell2200,5
Cell2201,5
Cell2202,5
Cell2203,5
Cell2204,5
Cell2205,5
Cell2206,5
Cell2207,5
Cell2208,5
Cell2209,5
Cell2210,5
Cell2211,5
Cell2212,5
Cell2213,5
Cell2214,5
Cell2215,5
Cell2216,5
Cell2217,5
Cell2218,5
Cell2219,5
Cell2220,5
Cell2221,5
Cell2222,5
Cell2223,5
Cell2224,5
Cell2225,5
Cell2226,5
Cell2227,5
Cell2228,5
Cell2229,5
Cell2230,5
Cell2231,5
Cell2232,5
Cell2233,5
Cell2234,5
Cell2235,5
Cell2236,5
Cell2237,5
Cell2238,5
Cell2239,5
Cell2240,5
Cell2241,5
Cell2242,5
Cell2243,5
Cell2244,5
Cell2245,5
Cell2246,5
Cell2247,5
Cell2248,5
Cell2249,5
Cell2250,5
Cell2251,5
Cell2252,5
Cell2253,5
Cell2254,5
Cell2255,5
Cell2256,5
Cell2257,5
Cell2258,5
Cell2259,5
Cell2260,5
Cell2261,5
Cell2262,5
Cell2263,5
Cell2264,5
Cell2265,5
Cell2266,5
Cell2267,5
Cell2268,5
Cell2269,5
Cell2270,5
Cell2271,5
Cell2272,5
Cell2273,5
Cell2274,5
Cell2275,5
Cell2276,5
Cell2277,5
Cell2278,5
Cell2279,5
Cell2280,5
Cell2281,5
Cell2282,5
Cell2283,5
Cell2284,5
Cell2285,5
Cell2286,5
Cell2287,5
Cell2288,5
Cell2289,5
Cell2290,5
Cell2291,5
Cell2292,5
Cell2293,5
Cell2294,5
Cell2295,5
Cell2296,5
Cell2297,5
Cell2298,5
Cell2299,5
Cell2300,5
Cell2301,5
Cell2302,5
Cell2303,5
Cell2304,5
Cell2305,5
Cell2306,5
Cell2307,5
Cell2308,5
Cell2309,5
Cell2310,5
Cell2311,5
Cell2312,5
Cell2313,5
Cell2314,5
Cell2315,5
Cell2316,5
Cell2317,5
Cell2318,5
Cell2319,5
Cell2320,5
Cell2321,5
Cell2322,5
Cell2323,5
Cell2324,5
Cell2325,7
Cell2326,7
Cell2327,7
Cell2328,7
Cell2329,7
Cell2330,7
Cell2331,7
Cell2332,7
Cell2333,7
Cell2334,7
Cell2335,7
Cell2336,7
Cell2337,7
Cell2338,7
Cell2339,7
Cell2340,7
Cell2341,7
Cell2342,7
Cell2343,7
Cell2344,7
Cell2345,7
Cell2346,7
Cell2347,7
Cell2348,7
Cell2349,7
Cell2350,7
Cell2351,7
Cell2352,7
Cell2353,7
Cell2354,7
Cell2355,7
Cell2356,7
Cell2357,7
Cell2358,7
Cell2359,7
Cell2360,7
Cell2361,7
Cell2362,7
Cell2363,7
Cell2364,7
Cell2365,7
Cell2366,7
Cell2367,7
Cell2368,7
Cell2369,7
Cell2370,7
Cell2371,7
Cell2372,7
Cell2373,7
Cell2374,7
Cell2375,7
Cell2376,7
Cell2377,7
Cell2378,7
Cell2379,7
Cell2380,7
Cell2381,7
Cell2382,7
Cell2383,7
Cell2384,7
Cell2385,7
Cell2386,7
Cell2387,7
Cell2388,7
Cell2389,7
Cell2390,7
Cell2391,7
Cell2392,7
Cell2393,7
Cell2394,7
Cell2395,7
Cell2396,7
Cell2397,7
Cell2398,7
Cell2399,7
Cell2400,7
Cell2401,7
Cell2402,7
Cell2403,7
Cell2404,7
Cell2405,7
Cell2406,7
Cell2407,7
Cell2408,7
Cell2409,7
Cell2410,7
Cell2411,7
Cell2412,7
Cell2413,7
Cell2414,7
Cell2415,7
Cell2416,7
Cell2417,7
Cell2418,7
Cell2419,7
Cell2420,7
Cell2421,7
Cell2422,7
Cell2423,7
Cell2424,7
Cell2425,7
Cell2426,7
Cell2427,7
Cell2428,7
Cell2429,7
Cell2430,7
Cell2431,7
Cell2432,7
Cell2433,7
Cell2434,7
Cell2435,7
Cell2436,7
Cell2437,7
Cell2438,7
Cell2439,7
Cell2440,7
Cell2441,7
Cell2442,7
Cell2443,7
Cell2444,7
Cell2445,7
Cell2446,7
Cell2447,7
Cell2448,7
Cell2449,7
Cell2450,7
Cell2451,7
Cell2452,7
Cell2453,7
Cell2454,7
Cell2455,7
Cell2456,7
Cell2457,7
Cell2458,7
Cell2459,7
Cell2460,7
Cell2461,7
Cell2462,7
Cell2463,7
Cell2464,7
Cell2465,7
Cell2466,7
Cell2467,7
Cell2468,7
Cell2469,7
Cell2470,7
Cell2471,7
Cell2472,7
Cell2473,7
Cell2474,7
Cell2475,7
Cell2476,7
Cell2477,7
Cell2478,7
Cell2479,7
Cell2480,7
Cell2481,7
Cell2482,7
Cell2483,7
Cell2484,7
Cell2485,7
Cell2486,7
Cell2487,7
Cell2488,7
Cell2489,7
Cell2490,7
Cell2491,7
Cell2492,7
Cell2493,7
Cell2494,7
Cell2495,7
Cell2496,7
Cell2497,7
Cell2498,7
Cell2499,7
Cell2500,7
Cell2501,7
Cell2502,7
Cell2503,7
Cell2504,7
Cell2505,7
Cell2506,7
Cell2507,7
Cell2508,7
Cell2509,7
Cell2510,7
Cell2511,7
Cell2512,7
Cell2513,7
Cell2514,7
Cell2515,7
Cell2516,7
Cell2517,7
Cell2518,7
Cell2519,7
Cell2520,7
Cell2521,7
Cell2522,7
Cell2523,7
Cell2524,7
Cell2525,7
Cell2526,7
Cell2527,7
Cell2528,7
Cell2529,7
Cell2530,7
Cell2531,7
Cell2532,7
Cell2533,7
Cell2534,7
Cell2535,7
Cell2536,7
Cell2537,7
Cell2538,7
Cell2539,7
Cell2540,7
Cell2541,7
Cell2542,7
Cell2543,7
Cell2544,7
Cell2545,7
Cell2546,7
Cell2547,7
Cell2548,7
Cell2549,7
Cell2550,7
Cell2551,7
Cell2552,7
Cell2553,7
Cell2554,7
Cell2555,7
Cell2556,7
Cell2557,7
Cell2558,7
Cell2559,7
Cell2560,7
Cell2561,7
Cell2562,7
Cell2563,7
Cell2564,7
Cell2565,7
Cell2566,7
Cell2567,7
Cell2568,7
Cell2569,7
Cell2570,7
Cell2571,7
Cell2572,7
Cell2573,7
Cell2574,7
Cell2575,7
Cell2576,7
Cell2577,7
Cell2578,7
Cell2579,7
Cell2580,7
Cell2581,7
Cell2582,7
Cell2583,7
Cell2584,7
Cell2585,7
Cell2586,7
Cell2587,7
Cell2588,7
Cell2589,7
Cell2590,7
Cell2591,7
Cell2592,7
Cell2593,7
Cell2594,7
Cell2595,7
Cell2596,7
Cell2597,7
Cell2598,7
Cell2599,7
Cell2600,7
Cell2601,7
Cell2602,7
Cell2603,7
Cell2604,7
Cell2605,7
Cell2606,7
Cell2607,7
Cell2608,7
Cell2609,7
Cell2610,7
Cell2611,7
Cell2612,7
Cell2613,7
Cell2614,7
Cell2615,7
Cell2616,7
Cell2617,7
Cell2618,7
Cell2619,7
Cell2620,7
Cell2621,7
Cell2622,7
Cell2623,7
Cell2624,7
Cell2625,7
Cell2626,7
Cell2627,7
Cell2628,7
Cell2629,7
Cell2630,7
Cell2631,7
Cell2632,7
Cell2633,7
Cell2634,7
Cell2635,7
Cell2636,7
Cell2637,7
Cell2638,7
Cell2639,7
Cell2640,7
Cell2641,7
Cell2642,7
Cell2643,7
Cell2644,7
Cell2645,7
Cell2646,7
Cell2647,7
Cell2648,9
Cell2649,9
Cell2650,9
Cell2651,9
Cell2652,9
Cell2653,9
Cell2654,9
Cell2655,9
Cell2656,9
Cell2657,9
Cell2658,9
Cell2659,9
Cell2660,9
Cell2661,9
Cell2662,9
Cell2663,9
Cell2664,9
Cell2665,9
Cell2666,9
Cell2667,9
Cell2668,9
Cell2669,9
Cell2670,9
Cell2671,9
Cell2672,9
Cell2673,9
Cell2674,9
Cell2675,9
Cell2676,9
Cell2677,9
Cell2678,9
Cell2679,9
Cell2680,9
Cell2681,9
Cell2682,9
Cell2683,9
Cell2684,9
Cell2685,9
Cell2686,9
Cell2687,9
Cell2688,9
Cell2689,9
Cell2690,9
Cell2691,9
Cell2692,9
Cell2693,9
Cell2694,9
Cell2695,9
Cell2696,9
Cell2697,9
Cell2698,9
Cell2699,9
Cell2700,9
Cell2701,9
Cell2702,9
Cell2703,9
Cell2704,9
Cell2705,9
Cell2706,9
Cell2707,9
Cell2708,9
Cell2709,9
Cell2710,9
Cell2711,9
Cell2712,9
Cell2713,9
Cell2714,9
Cell2715,9
Cell2716,9
Cell2717,9
Cell2718,9
Cell2719,9
Cell2720,9
Cell2721,9
Cell2722,9
Cell2723,9
Cell2724,9
Cell2725,9
Cell2726,9
Cell2727,9
Cell2728,9
Cell2729,9
Cell2730,9
Cell2731,9
Cell2732,9
Cell2733,9
Cell2734,9
Cell2735,9
Cell2736,9
Cell2737,9
Cell2738,9
Cell2739,9
Cell2740,9
Cell2741,9
Cell2742,9
Cell2743,9
Cell2744,9
Cell2745,9
Cell2746,9
Cell2747,9
Cell2748,9
Cell2749,9
Cell2750,9
Cell2751,9
Cell2752,9
Cell2753,9
Cell2754,9
Cell2755,9
Cell2756,9
Cell2757,9
Cell2758,9
Cell2759,9
Cell2760,9
Cell2761,9
Cell2762,9
Cell2763,9
Cell2764,9
Cell2765,9
Cell2766,9
Cell2767,9
Cell2768,9
Cell2769,9
Cell2770,9
Cell2771,9
Cell2772,9
Cell2773,9
Cell2774,9
Cell2775,9
Cell2776,9
Cell2777,9
Cell2778,9
Cell2779,9
Cell2780,9
Cell2781,9
Cell2782,9
Cell2783,9
Cell2784,9
Cell2785,9
Cell2786,9
Cell2787,9
Cell2788,9
Cell2789,9
Cell2790,9
Cell2791,9
Cell2792,9
Cell2793,9
Cell2794,9
Cell2795,9
Cell2796,9
Cell2797,9
Cell2798,9
Cell2799,9
Cell2800,9
Cell2801,9
Cell2802,9
Cell2803,9
Cell2804,9
Cell2805,9
Cell2806,9
Cell2807,9
Cell2808,9
Cell2809,9
Cell2810,9
Cell2811,9
Cell2812,9
Cell2813,9
Cell2814,9
Cell2815,9
Cell2816,9
Cell2817,9
Cell2818,9
Cell2819,9
Cell2820,9
Cell2821,9
Cell2822,9
Cell2823,9
Cell2824,9
Cell2825,9
Cell2826,9
Cell2827,9
Cell2828,9
Cell2829,9
Cell2830,9
Cell2831,9
Cell2832,9
Cell2833,9
Cell2834,9
Cell2835,9
Cell2836,9
Cell2837,9
Cell2838,9
Cell2839,9
Cell2840,9
Cell2841,9
Cell2842,9
Cell2843,9
Cell2844,9
Cell2845,9
Cell2846,9
Cell2847,9
Cell2848,9
Cell2849,9
Cell2850,9
Cell2851,9
Cell2852,9
Cell2853,9
Cell2854,9
Cell2855,9
Cell2856,9
Cell2857,9
Cell2858,9
Cell2859,9
Cell2860,9
Cell2861,9
Cell2862,9
Cell2863,9
Cell2864,9
Cell2865,9
Cell2866,9
Cell2867,9
Cell2868,9
Cell2869,9
Cell2870,9
Cell2871,9
Cell2872,9
Cell2873,9
Cell2874,9
Cell2875,9
Cell2876,9
Cell2877,9
Cell2878,9
Cell2879,9
Cell2880,9
Cell2881,9
Cell2882,9
Cell2883,9
Cell2884,9
Cell2885,9
Cell2886,9
Cell2887,9
Cell2888,9
Cell2889,9
Cell2890,9
Cell2891,9
Cell2892,9
Cell2893,9
Cell2894,9
Cell2895,9
Cell2896,9
Cell2897,9
Cell2898,9
Cell2899,9
Cell2900,9
Cell2901,9
Cell2902,9
Cell2903,9
Cell2904,9
Cell2905,9
Cell2906,9
Cell2907,9
Cell2908,9
Cell2909,9
Cell2910,9
Cell2911,9
Cell2912,9
Cell2913,9